genreId,AVG(trackCount)
1,11.41379
2,10.00000
3,10.90625
4,14.43478
5,12.00000
6,13.85714
7,14.81579
8,15.00000
9,16.00000
10,10.75000